"Time","Sound pressure level"
0.000000000E0,-5.905962132E1
1.108630896E-1,-6.124133131E1
2.167110443E-1,-6.143050384E1
3.243430853E-1,-6.273786337E1
4.332770109E-1,-5.977831663E1
5.411850214E-1,-6.252162120E1
6.499940157E-1,-6.220565114E1
7.578930855E-1,-6.319991750E1
8.666870594E-1,-6.231451276E1
9.746270180E-1,-6.259609499E1
1.083312035E0,-6.243640058E1
1.191479087E0,-4.208652898E1
1.299998999E0,-4.155652686E1
1.408248067E0,-3.650690512E1
1.516691089E0,-3.900932331E1
1.625022054E0,-4.632856301E1
1.733264089E0,-4.724321060E1
1.841714025E0,-4.734064198E1
1.950028062E0,-4.757840045E1
2.058526039E0,-4.724530299E1
2.166701078E0,-4.790521066E1
2.275286078E0,-4.716663576E1
2.383432984E0,-4.757342276E1
2.492190003E0,-4.721154858E1
2.599925995E0,-4.751540172E1
2.711632013E0,-4.822947150E1
2.816640019E0,-4.802372382E1
2.925585032E0,-4.856207374E1
3.033352017E0,-4.758194031E1
3.142490029E0,-4.782160342E1
3.248465061E0,-4.821635159E1
3.359171987E0,-4.796256002E1
3.465077996E0,-4.864381146E1
3.575917006E0,-4.764133183E1
3.681764007E0,-4.818801802E1
3.792652011E0,-4.866953815E1
3.904852033E0,-4.842625237E1
4.009461045E0,-4.988703580E1
4.121553063E0,-5.015847807E1
4.226235032E0,-4.977843463E1
4.338168025E0,-5.065737102E1
4.443032980E0,-5.037526782E1
4.554869056E0,-4.916104170E1
4.661900043E0,-4.968614309E1
4.771525979E0,-5.014307319E1
4.878620982E0,-4.947508934E1
4.988203049E0,-4.916373674E1
5.095218062E0,-4.967617868E1
5.204886079E0,-4.947628723E1
5.312939048E0,-5.011480266E1
5.419059038E0,-4.981404933E1
5.526839018E0,-4.879194180E1
5.635506034E0,-5.047143178E1
5.743763089E0,-4.949617036E1
5.852171063E0,-4.880638541E1
5.962983012E0,-4.970583352E1
6.068834066E0,-4.947735724E1
6.177230000E0,-4.912432120E1
6.285519004E0,-5.018877133E1
6.393972993E0,-4.969624739E1
6.502215981E0,-4.922364065E1
6.610753059E0,-4.957777169E1
6.718808055E0,-4.935332850E1
6.827540994E0,-4.930761573E1
6.934530020E0,-4.992880822E1
7.044286013E0,-4.946823034E1
7.152175069E0,-4.919093446E1
7.261083007E0,-4.951687176E1
7.371532083E0,-4.944627398E1
7.477905035E0,-4.840735725E1
7.588178992E0,-4.919304662E1
7.694539070E0,-4.898515994E1
7.804849982E0,-4.914604848E1
7.914090037E0,-5.011191484E1
8.021537066E0,-4.946212497E1
8.128143072E0,-4.912707107E1
8.238132000E0,-4.933754879E1
8.344992995E0,-4.963316250E1
8.454836011E0,-4.929199593E1
8.561632991E0,-4.934824897E1
8.671552062E0,-4.868643945E1
8.778467059E0,-4.806045053E1
8.888182044E0,-4.823856308E1
8.995211005E0,-4.859491212E1
9.104840040E0,-4.843857603E1
9.212042093E0,-4.904360020E1
9.321523070E0,-4.845873542E1
9.428794026E0,-4.841911178E1
9.538213015E0,-4.840719684E1
9.645577073E0,-4.838976204E1
9.754860997E0,-4.856381946E1
9.862300038E0,-4.912611725E1
9.971469998E0,-4.825296752E1
1.007916498E1,-4.835610396E1
1.018816209E1,-4.881780143E1
1.029581499E1,-4.801665649E1
1.040485704E1,-4.867847758E1
1.051611507E1,-4.828624448E1
1.062153399E1,-4.871865848E1
1.072943103E1,-4.854749792E1
1.083823109E1,-4.851659317E1
1.094632602E1,-4.882790861E1
1.105484903E1,-4.854875469E1
1.116296208E1,-4.911929616E1
1.127149498E1,-4.834976922E1
1.138398600E1,-4.845042970E1
1.149644709E1,-4.903878436E1
1.160480702E1,-4.800425780E1
1.171615708E1,-4.936395276E1
1.182140601E1,-4.908674815E1
1.193003404E1,-4.881467548E1
1.203806603E1,-4.876945598E1
1.214688408E1,-4.940577896E1
1.225472307E1,-4.966254782E1
1.236353803E1,-4.958776633E1
1.247135603E1,-4.957326059E1
1.258038306E1,-4.937997769E1
1.268801498E1,-4.997906704E1
1.279703808E1,-4.978390092E1
1.290468299E1,-4.889883828E1
1.301386702E1,-4.988950688E1
1.312133801E1,-4.953862072E1
1.323067808E1,-4.801256154E1
1.333798599E1,-4.757765829E1
1.344747806E1,-4.916029602E1
1.355485201E1,-4.963186667E1
1.366415107E1,-4.977366388E1
1.377132905E1,-4.933140568E1
1.388095808E1,-4.923953593E1
1.398796499E1,-5.007070402E1
1.409780908E1,-4.936774314E1
1.420463598E1,-4.897964192E1
1.431717408E1,-5.011114476E1
1.442123699E1,-4.991527111E1
1.453129900E1,-4.959240872E1
1.463819206E1,-5.005023153E1
1.474818408E1,-4.895922415E1
1.485486007E1,-4.977672106E1
1.496478808E1,-5.015311708E1
1.507151306E1,-4.964702382E1
1.518164206E1,-4.933821754E1
1.528795600E1,-5.044154375E1
1.539837599E1,-4.892953926E1
1.550455105E1,-4.972973141E1
1.561517704E1,-4.924914645E1
1.572133398E1,-4.944017090E1
1.583186305E1,-5.036356933E1
1.593798399E1,-5.002587440E1
1.604865301E1,-4.944918439E1
1.615462399E1,-4.941828671E1
1.626550007E1,-4.919519661E1
1.637131202E1,-4.992931207E1
1.648222303E1,-4.907052270E1
1.658796704E1,-5.074900923E1
1.669899106E1,-4.912842270E1
1.680463600E1,-5.016272825E1
1.691887605E1,-5.004778951E1
1.703083801E1,-4.908277886E1
1.713797700E1,-4.945714695E1
1.724921906E1,-5.056793264E1
1.735461509E1,-4.932876216E1
1.746600199E1,-5.009750602E1
1.757126808E1,-4.929763651E1
1.768288207E1,-4.959572720E1
1.778796208E1,-4.959572720E1
1.789958608E1,-4.974370237E1
1.800485504E1,-4.921624248E1
1.811905909E1,-4.960794392E1
1.822388709E1,-5.022735858E1
1.833310699E1,-4.890695342E1
1.843821907E1,-4.987887575E1
1.855006599E1,-4.957781026E1
1.865484607E1,-4.962134305E1
1.876667404E1,-4.992703655E1
1.887449002E1,-5.047813590E1
1.898337305E1,-4.893789709E1
1.909346199E1,-5.013622954E1
1.920012105E1,-4.857245535E1
1.930786800E1,-4.842414887E1
1.941692603E1,-4.909797616E1
1.952135301E1,-4.911425400E1
1.963222599E1,-4.941795932E1
1.973823500E1,-4.966736039E1
1.985055602E1,-4.899600432E1
1.995478606E1,-4.928997837E1
2.006383204E1,-5.014606331E1
2.017152297E1,-4.955373456E1
2.028417909E1,-4.846656126E1
2.038811398E1,-5.037616900E1
2.049917102E1,-4.888725308E1
2.061543798E1,-4.972110842E1
2.073189306E1,-4.972069602E1
2.083820999E1,-4.881749753E1
2.095072007E1,-4.914554089E1
2.105490303E1,-4.925082408E1
2.115828502E1,-4.818506482E1
2.126790202E1,-4.936852112E1
2.137162101E1,-4.963725152E1
2.148439407E1,-4.899519534E1
2.159216201E1,-5.000011363E1
2.170157707E1,-4.913690339E1
2.180883098E1,-4.930628798E1
2.192098999E1,-4.984483736E1
2.202544606E1,-4.972263687E1
2.213503003E1,-4.913870655E1
2.224221301E1,-4.936119649E1
2.235185099E1,-4.871396783E1
2.245879400E1,-4.930162153E1
2.256851399E1,-4.929484014E1
2.267543006E1,-4.838685499E1
2.278529799E1,-4.883715517E1
2.289213204E1,-5.024014737E1
2.300216806E1,-4.867388790E1
2.310558403E1,-4.904934451E1
2.321826506E1,-4.972054597E1
2.333289301E1,-4.901787195E1
2.343878400E1,-4.895097480E1
2.355141699E1,-4.970861625E1
2.366660202E1,-4.904695122E1
2.377216005E1,-4.932758172E1
2.388299000E1,-4.965031426E1
2.398878407E1,-4.922117631E1
2.409209299E1,-4.981027093E1
2.420267200E1,-5.034318728E1
2.430540597E1,-4.975513492E1
2.441801000E1,-4.932779529E1
2.453427505E1,-4.970848863E1
2.465060401E1,-4.976561112E1
2.475550103E1,-4.952634215E1
2.486830604E1,-5.011147750E1
2.498414207E1,-4.933911121E1
2.508872199E1,-5.025964840E1
2.520126200E1,-4.999404873E1
2.531745005E1,-4.950925556E1
2.542667305E1,-4.964928181E1
2.553887701E1,-4.990406007E1
2.564766407E1,-4.972975652E1
2.575563908E1,-4.933187199E1
2.586805809E1,-4.994935349E1
2.597871900E1,-4.988888290E1
2.608879602E1,-5.008617271E1
2.619979703E1,-4.989990774E1
2.630538702E1,-4.922420437E1
2.641042697E1,-4.960895286E1
2.652315700E1,-5.025017539E1
2.662803698E1,-4.931166532E1
2.673881507E1,-4.983736945E1
2.685167503E1,-4.941868761E1
2.695548809E1,-4.945311409E1
2.706815803E1,-4.948373292E1
2.717219508E1,-4.940083717E1
2.728482807E1,-4.990249551E1
2.738878500E1,-4.986269229E1
2.750135708E1,-4.904398638E1
2.761035609E1,-4.961729815E1
2.772274005E1,-4.974109455E1
2.782586408E1,-4.836504324E1
2.793727899E1,-4.923410533E1
2.805226004E1,-4.904977564E1
2.816877401E1,-4.939754283E1
2.827693403E1,-4.947955521E1
2.838807309E1,-4.983511789E1
2.850044799E1,-4.948541296E1
2.860480499E1,-4.979185280E1
2.871012998E1,-4.861756497E1
2.882170904E1,-4.844345668E1
2.893449306E1,-4.953024091E1
2.903834605E1,-4.924475186E1
2.915092206E1,-4.938843940E1
2.925523698E1,-5.027666781E1
2.936757600E1,-4.930328596E1
2.947194898E1,-4.931932970E1
2.958416808E1,-4.950920761E1
2.968863201E1,-4.860467335E1
2.980084205E1,-4.887396035E1
2.991333699E1,-4.883245771E1
3.002218103E1,-4.907666746E1
3.013417101E1,-4.932821703E1
3.023893607E1,-4.916074871E1
3.035084307E1,-4.891777173E1
3.045574903E1,-4.851165510E1
3.056750405E1,-4.951785431E1
3.067247999E1,-4.892673044E1
3.078422904E1,-4.918714511E1
3.088918698E1,-4.899070670E1
3.099270999E1,-4.864181244E1
3.110082901E1,-5.032092118E1
3.120614004E1,-4.827832574E1
3.131757104E1,-4.829205266E1
3.142282701E1,-4.908069151E1
3.153430700E1,-5.009890901E1
3.163961208E1,-4.847254759E1
3.175093806E1,-4.946086163E1
3.185646403E1,-4.917449612E1
3.196757603E1,-4.910306534E1
3.207323802E1,-4.944025282E1
3.217740798E1,-4.943805627E1
3.228989899E1,-4.968396746E1
3.239401400E1,-4.974508002E1
3.250338900E1,-4.952272758E1
3.261074805E1,-4.855424861E1
3.272004604E1,-5.017026909E1
3.282356608E1,-4.962263885E1
3.293403900E1,-4.920697165E1
3.304034507E1,-4.894700104E1
3.315076399E1,-4.915743167E1
3.325715601E1,-4.948277549E1
3.336730206E1,-4.993770711E1
3.347384608E1,-4.892670385E1
3.358405602E1,-4.936347452E1
3.369065809E1,-5.002063550E1
3.380072308E1,-4.953616394E1
3.391350102E1,-4.925706913E1
3.402418602E1,-5.027627744E1
3.413405406E1,-5.008268883E1
3.424092805E1,-4.967114013E1
3.434769106E1,-4.993118720E1
3.445770502E1,-5.000398674E1
3.456438804E1,-4.952994068E1
3.467449999E1,-5.063851963E1
3.478107107E1,-4.967447479E1
3.489121604E1,-4.968110076E1
3.499769998E1,-4.975912702E1
3.510795307E1,-4.999172387E1
3.521440303E1,-4.984834602E1
3.532733309E1,-5.040869954E1
3.543120301E1,-5.020195105E1
3.554152107E1,-4.986994571E1
3.564771307E1,-5.061797800E1
3.575837004E1,-5.004528530E1
3.586444199E1,-4.968904278E1
3.597514701E1,-5.050186071E1
3.608104706E1,-4.909490152E1
3.619191206E1,-4.986225188E1
3.629771698E1,-5.018154973E1
3.640860808E1,-4.984869633E1
3.651435709E1,-4.986215149E1
3.662544906E1,-5.062040946E1
3.673104203E1,-4.994960437E1
3.684219909E1,-5.021301157E1
3.694792104E1,-5.060831620E1
3.705895102E1,-5.049783645E1
3.717159009E1,-4.958047201E1
3.727576804E1,-4.928336237E1
3.738398004E1,-4.958340992E1
3.749247599E1,-5.026481616E1
3.760501504E1,-5.081766487E1
3.770928407E1,-4.933275943E1
3.782208204E1,-5.031720530E1
3.792877102E1,-5.056889039E1
3.803396702E1,-4.930919870E1
3.814280999E1,-4.968568674E1
3.825570607E1,-5.015324589E1
3.835970104E1,-4.982638875E1
3.847163606E1,-4.910302607E1
3.857637501E1,-4.994102489E1
3.868828905E1,-4.960936415E1
3.879781902E1,-5.029776115E1
3.890984607E1,-4.965684185E1
3.902163303E1,-4.932499194E1
3.912950599E1,-4.925812526E1
3.923822200E1,-5.036832468E1
3.934337902E1,-4.932215981E1
3.945397007E1,-4.912194824E1
3.956030202E1,-5.026824231E1
3.967167103E1,-4.974203293E1
3.977703106E1,-4.951899230E1
3.988831007E1,-4.959181213E1
3.999377108E1,-5.028543943E1
4.010495508E1,-4.993295919E1
4.021054900E1,-4.936150013E1
4.032162106E1,-4.927369895E1
4.042730308E1,-4.932785208E1
4.053829205E1,-4.976629082E1
4.064401507E1,-4.975727622E1
4.075494707E1,-4.888604400E1
4.086083305E1,-4.987264102E1
4.097162902E1,-5.015164955E1
4.107763600E1,-4.965522124E1
4.118826807E1,-5.026466751E1
4.129441607E1,-4.930100054E1
4.140495098E1,-4.960275832E1
4.151117098E1,-4.916626026E1
4.162159705E1,-4.883754606E1
4.173039603E1,-4.974320191E1
4.183819509E1,-5.014317114E1
4.194474900E1,-4.950816458E1
4.205107605E1,-4.983638840E1
4.216149306E1,-5.028595696E1
4.227131701E1,-4.991654930E1
4.237829304E1,-4.958713929E1
4.249088001E1,-4.903166494E1
4.259500599E1,-5.028389528E1
4.270443404E1,-5.099741117E1
4.281187606E1,-5.093909948E1
4.291779900E1,-4.986694822E1
4.302856302E1,-5.111936982E1
4.313799608E1,-3.831381897E1
4.324528408E1,-4.931215306E1
4.335785103E1,-4.987725344E1
4.346915400E1,-5.088324493E1
4.357887399E1,-4.949032902E1
4.368572402E1,-4.917193486E1
4.379566503E1,-4.983777985E1
4.390245008E1,-5.002361605E1
4.401236498E1,-5.095395755E1
4.411913109E1,-4.984319969E1
4.422916198E1,-4.990049723E1
4.433570600E1,-5.031108895E1
4.444586706E1,-4.971968909E1
4.455248201E1,-5.005041690E1
4.466273904E1,-5.047665079E1
4.476905704E1,-4.989019790E1
4.487945998E1,-4.980649339E1
4.498572505E1,-4.994502168E1
4.509652901E1,-4.946378533E1
4.520240498E1,-4.952805578E1
4.531301701E1,-5.047852701E1
4.541901207E1,-4.977208920E1
4.553239799E1,-4.968526849E1
4.563595903E1,-4.460281423E1
4.574659002E1,-5.007895787E1
4.585231602E1,-4.976254867E1
4.596336007E1,-5.065952576E1
4.606909609E1,-4.991882351E1
4.618010998E1,-4.985443886E1
4.628570104E1,-5.010628923E1
4.639690208E1,-4.974510573E1
4.650255299E1,-5.007402869E1
4.661369109E1,-4.927709746E1
4.671910405E1,-4.935046966E1
4.683039200E1,-5.033203227E1
4.693572104E1,-5.045267920E1
4.704161906E1,-5.027547217E1
4.715244102E1,-5.004084486E1
4.726393008E1,-4.365418024E1
4.736912501E1,-4.854018881E1
4.748074102E1,-4.173865118E1
4.758574402E1,-4.959976776E1
4.769760299E1,-4.976419807E1
4.780144799E1,-4.353645660E1
4.791337204E1,-4.935667913E1
4.801913500E1,-5.010540307E1
4.813439298E1,-5.028819378E1
4.824773002E1,-5.039723850E1
4.835245407E1,-4.976086432E1
4.846464300E1,-4.968502822E1
4.856909907E1,-5.035271502E1
4.868131804E1,-4.993474422E1
4.878566802E1,-5.006090119E1
4.889157999E1,-5.007991445E1
4.900250304E1,-4.985231189E1
4.911484504E1,-4.991091393E1
4.922398806E1,-4.956485450E1
4.933307099E1,-4.947905982E1
4.944073999E1,-4.955353933E1
4.954827106E1,-5.078350459E1
4.965739000E1,-4.981500406E1
4.976526105E1,-4.958689787E1
4.987405503E1,-4.946684141E1
4.998195004E1,-4.978063112E1
5.009072101E1,-5.011134675E1
5.019874609E1,-4.948363504E1
5.030739808E1,-5.013504425E1
5.041550601E1,-4.546594007E1
5.052097809E1,-4.784505117E1
5.063222909E1,-4.982670364E1
5.073769009E1,-5.044311192E1
5.084902608E1,-5.060689740E1
5.095992506E1,-4.931066366E1
5.107102108E1,-5.064254677E1
5.118247807E1,-4.938775794E1
5.129401898E1,-4.927010091E1
5.139932704E1,-5.013503443E1
5.151091504E1,-4.946529908E1
5.161611605E1,-5.018466218E1
5.172756302E1,-5.027962637E1
5.183284402E1,-4.971042793E1
5.194425905E1,-4.889842999E1
5.204964209E1,-5.009633126E1
5.216096902E1,-5.016825570E1
5.226647806E1,-4.988932704E1
5.237758207E1,-5.081045901E1
5.248318303E1,-5.004150861E1
5.259422708E1,-4.985868153E1
5.269996500E1,-4.919506586E1
5.281088698E1,-4.965285434E1
5.291673708E1,-3.827904173E1
5.302756703E1,-4.683305366E1
5.313801301E1,-4.964754696E1
5.325021303E1,-5.044972872E1
5.336082399E1,-5.072048128E1
5.346700799E1,-5.050680015E1
5.357757103E1,-4.957547609E1
5.368371499E1,-4.961652639E1
5.379414999E1,-4.888898422E1
5.390055203E1,-5.060520318E1
5.401084900E1,-4.986914889E1
5.411725998E1,-4.934661328E1
5.422757399E1,-4.983806757E1
5.433583605E1,-5.087678785E1
5.444415605E1,-4.989353978E1
5.455090308E1,-4.999658861E1
5.466088307E1,-4.996361086E1
5.476778603E1,-4.882086479E1
5.487756598E1,-4.981126821E1
5.498439407E1,-4.810857037E1
5.509425604E1,-4.974794347E1
5.520120203E1,-5.023360605E1
5.531091607E1,-4.965132331E1
5.541791809E1,-4.972518297E1
5.552754998E1,-3.772060686E1
5.563472402E1,-4.800459391E1
5.574424303E1,-4.861534497E1
5.585152507E1,-4.993369202E1
5.596301901E1,-4.835509378E1
5.606825805E1,-4.134502364E1
5.617526305E1,-4.873490184E1
5.628510702E1,-4.919598838E1
5.639193404E1,-4.933689093E1
5.650182402E1,-5.076273105E1
5.660867107E1,-5.016286917E1
5.671855807E1,-4.990050967E1
5.682517409E1,-4.955660147E1
5.693825698E1,-4.977892184E1
5.704423499E1,-4.948016018E1
5.715212607E1,-5.034869917E1
5.726090300E1,-5.059899791E1
5.736902905E1,-4.971518442E1
5.747756302E1,-5.033055766E1
5.758867598E1,-4.992384493E1
5.769375706E1,-5.031285673E1
5.780243707E1,-5.022807337E1
5.791045606E1,-5.007059814E1
5.802202404E1,-5.009851875E1
5.812711608E1,-5.004165633E1
5.823869002E1,-5.002790010E1
5.834381402E1,-5.065007944E1
5.845537400E1,-5.055220319E1
5.856048608E1,-5.088846138E1
5.867206204E1,-5.034855122E1
5.877703106E1,-4.988837858E1
5.888868308E1,-5.003884815E1
5.899418604E1,-5.102346483E1
5.910305500E1,-5.062706478E1
5.921088004E1,-5.003837263E1
5.931991208E1,-4.447864091E1
5.942752302E1,-4.806019346E1
5.953927505E1,-4.974714182E1
5.964438808E1,-4.951396253E1
5.975339103E1,-5.054340735E1
5.986084402E1,-5.018391083E1
5.997032809E1,-4.967637172E1
6.007753003E1,-4.996738482E1
6.018693006E1,-5.007461893E1
6.029417801E1,-4.969779679E1
6.040387905E1,-4.956488823E1
6.051087201E1,-4.950089632E1
6.062052500E1,-4.967798899E1
6.072754300E1,-5.053864609E1
6.083726704E1,-4.951044116E1
6.094418705E1,-4.998366366E1
6.105404806E1,-5.090890971E1
6.116087508E1,-5.023388244E1
6.127087104E1,-4.950511149E1
6.137751305E1,-5.068954469E1
6.148756707E1,-5.047600158E1
6.159423399E1,-5.054563562E1
6.170432699E1,-4.974615822E1
6.181087303E1,-4.989348558E1
6.192109001E1,-5.016430270E1
6.202751899E1,-5.085298382E1
6.214065003E1,-4.979859646E1
6.224436009E1,-4.994906506E1
6.235466802E1,-5.040944093E1
6.246083307E1,-5.031128244E1
6.257153809E1,-5.064744501E1
6.267751098E1,-5.014056566E1
6.278824902E1,-5.067246988E1
6.289410007E1,-5.105678146E1
6.300507009E1,-5.032041844E1
6.311086607E1,-4.944335361E1
6.322183108E1,-5.120267843E1
6.332753003E1,-5.098847475E1
6.343853402E1,-4.970896631E1
6.354418600E1,-5.105403367E1
6.365534401E1,-5.085382433E1
6.376085401E1,-5.030548356E1
6.387206006E1,-5.011347422E1
6.397751403E1,-4.963760645E1
6.408548999E1,-5.112959928E1
6.419418001E1,-5.069345092E1
6.430571306E1,-5.001483561E1
6.441105199E1,-5.049152349E1
6.452247107E1,-5.129169915E1
6.462753403E1,-5.036556061E1
6.474189901E1,-5.041198334E1
6.485219598E1,-5.081652482E1
6.495988905E1,-5.023582019E1
6.506886506E1,-4.967727880E1
6.517753005E1,-5.048957393E1
6.528942406E1,-5.012996438E1
6.539409304E1,-5.063506757E1
6.550626802E1,-5.058305779E1
6.561078906E1,-5.072530296E1
6.572304702E1,-5.038446455E1
6.582752109E1,-5.020022697E1
6.594235599E1,-4.951524493E1
6.605213404E1,-5.121992174E1
6.616088307E1,-5.011732492E1
6.627322698E1,-4.949808814E1
6.637751806E1,-5.091175360E1
6.649002302E1,-5.091387876E1
6.659416008E1,-5.018123520E1
6.670217299E1,-5.047651461E1
6.681079400E1,-5.071977552E1
6.691884506E1,-4.979115123E1
6.702752697E1,-5.121465184E1
6.713809597E1,-5.055441677E1
6.724418104E1,-5.031401514E1
6.735218906E1,-5.097345251E1
6.746095800E1,-5.016453694E1
6.756884801E1,-5.054831016E1
6.767749298E1,-5.084455594E1
6.778550208E1,-5.027366704E1
6.789418101E1,-5.008038075E1
6.800216198E1,-5.099214325E1
6.811084509E1,-5.062777715E1
6.821883202E1,-5.034930679E1
6.832751703E1,-5.117857052E1
6.843551803E1,-5.059369168E1
6.854430807E1,-5.098628559E1
6.865217900E1,-5.076677826E1
6.876080704E1,-5.058704491E1
6.886886299E1,-5.057366599E1
6.897470009E1,-5.106815670E1
6.908554900E1,-5.025802998E1
6.919133198E1,-5.033405308E1
6.930228400E1,-5.102683225E1
6.940813005E1,-5.052062814E1
6.951907408E1,-5.062543837E1
6.962492800E1,-5.036069680E1
6.973570502E1,-5.065858172E1
6.984165108E1,-4.043293436E1
6.995230401E1,-4.853248892E1
7.005844605E1,-5.095210023E1
7.017091703E1,-4.997238618E1
7.027525103E1,-5.015937216E1
7.038554108E1,-5.032341514E1
7.049197805E1,-5.066141959E1
7.060161507E1,-5.017808134E1
7.070873702E1,-4.988346861E1
7.081895304E1,-5.071745609E1
7.092554903E1,-5.030704368E1
7.103563607E1,-4.202505262E1
7.114493799E1,-4.812684557E1
7.125229299E1,-5.060757014E1
7.135911703E1,-5.009795976E1
7.146893299E1,-4.907383918E1
7.157601500E1,-4.987443880E1
7.168561900E1,-5.039817501E1
7.179262698E1,-5.101137258E1
7.190221906E1,-5.057762179E1
7.200952005E1,-5.033297808E1
7.211889100E1,-5.066204176E1
7.222620702E1,-4.892854798E1
7.233551407E1,-5.024968231E1
7.244291902E1,-4.971515376E1
7.255234706E1,-5.102037227E1
7.265976906E1,-5.019032523E1
7.276896203E1,-5.149597573E1
7.287648499E1,-4.160312014E1
7.298556507E1,-4.830840922E1
7.309323800E1,-5.052579598E1
7.320228708E1,-4.989226834E1
7.330999708E1,-5.062995549E1
7.341896307E1,-5.048106496E1
7.352679300E1,-4.977098478E1
7.363555908E1,-5.099057420E1
7.374640203E1,-5.111851109E1
7.385141706E1,-4.969284940E1
7.396033299E1,-5.033579485E1
7.406889105E1,-5.149943290E1
7.417720103E1,-4.701479108E1
7.428554702E1,-5.038032954E1
7.439390802E1,-5.015155006E1
7.450222099E1,-5.056131086E1
7.461075306E1,-5.101925427E1
7.471898007E1,-5.035666404E1
7.482744205E1,-4.969334002E1
7.493565905E1,-5.009583408E1
7.504426706E1,-5.024379892E1
7.515223098E1,-4.978620271E1
7.526099706E1,-5.090766191E1
7.536891699E1,-5.050584855E1
7.547778308E1,-5.074669974E1
7.558563602E1,-5.014309933E1
7.569460201E1,-5.093463743E1
7.580231702E1,-5.096484834E1
7.591129398E1,-5.003508132E1
7.601901901E1,-5.089609313E1
7.612809002E1,-5.017217026E1
7.623565209E1,-5.006366915E1
7.634731901E1,-5.026376724E1
7.645247102E1,-5.100807724E1
7.656159401E1,-5.032411399E1
7.666897202E1,-4.958747146E1
7.677848709E1,-5.042151093E1
7.688561201E1,-4.932981440E1
7.699518001E1,-5.057337106E1
7.710227501E1,-5.105072609E1
7.721198606E1,-4.218096497E1
7.731898904E1,-4.811154174E1
7.742879903E1,-5.179039737E1
7.753556001E1,-5.041415932E1
7.764568603E1,-5.037243673E1
7.775229001E1,-5.130884085E1
7.786225307E1,-4.960526926E1
7.796892703E1,-4.609137816E1
7.807900906E1,-5.011697180E1
7.818564308E1,-4.199684787E1
7.829586303E1,-4.608381904E1
7.840231407E1,-4.980726309E1
7.851258802E1,-5.030093733E1
7.861897206E1,-4.638815436E1
7.872949803E1,-4.157234010E1
7.883563602E1,-4.097790017E1
7.894879901E1,-4.866704224E1
7.905234301E1,-5.105171716E1
7.916293406E1,-5.000221186E1
7.927223301E1,-4.106222307E1
7.938394809E1,-4.863298039E1
7.949639106E1,-5.068029359E1
7.960895205E1,-4.330425552E1
7.971317101E1,-4.881846132E1
7.982585406E1,-5.141993461E1
7.993410099E1,-5.099770914E1
8.004676509E1,-4.984169322E1
8.015943909E1,-4.988090927E1
8.027166200E1,-5.082119350E1
8.038022304E1,-5.025111067E1
8.048848999E1,-5.045210005E1
8.059694099E1,-4.979051982E1
8.070523405E1,-5.065011083E1
8.081381106E1,-5.075465505E1
8.092185509E1,-4.994962313E1
8.103051198E1,-5.005202684E1
8.113801801E1,-5.105406716E1
8.124728608E1,-4.977393037E1
8.135519707E1,-4.998249332E1
8.146403599E1,-5.109304776E1
8.157187903E1,-5.055488852E1
8.168080807E1,-5.128462857E1
8.178854609E1,-5.042801935E1
8.189758301E1,-4.997048093E1
8.200519598E1,-5.022831375E1
8.211436903E1,-5.018421197E1
8.222183406E1,-4.985704859E1
8.233111203E1,-3.908697871E1
8.243855608E1,-4.872975877E1
8.255034208E1,-4.927621417E1
8.265537906E1,-4.646761260E1
8.276465106E1,-4.854103727E1
8.287189198E1,-4.479654245E1
8.298168898E1,-3.819989931E1
8.308853698E1,-4.994576612E1
8.319830298E1,-5.066303837E1
8.330521500E1,-5.057799091E1
8.341498101E1,-5.074459681E1
8.352185798E1,-5.033785042E1
8.363181198E1,-5.139304113E1
8.373865306E1,-5.065891024E1
8.384857404E1,-5.012979143E1
8.395521009E1,-5.046964001E1
8.406526804E1,-5.017498913E1
8.417189109E1,-5.090923768E1
8.428210402E1,-5.098420000E1
8.438856399E1,-5.021237401E1
8.449887502E1,-5.110216690E1
8.460530102E1,-5.068564765E1
8.471561599E1,-5.069329555E1
8.482194006E1,-5.135833794E1
8.493411899E1,-4.926998455E1
8.503862607E1,-5.067468473E1
8.515174103E1,-5.150641362E1
8.525470102E1,-5.023496198E1
8.536592102E1,-4.939453685E1
8.546896398E1,-4.422906822E1
8.558157706E1,-4.951320366E1
8.568783200E1,-4.930420558E1
8.579955101E1,-5.002205401E1
8.590231502E1,-5.044286619E1
8.601500309E1,-5.095479425E1
8.612116802E1,-5.023368243E1
8.623307204E1,-4.964855634E1
8.633778107E1,-5.045574194E1
8.644987607E1,-5.052582484E1
8.655491006E1,-4.061542695E1
8.666664100E1,-4.810823144E1
8.677155304E1,-5.070988665E1
8.688340998E1,-5.049248197E1
8.698816001E1,-4.996549066E1
8.710026002E1,-5.048241173E1
8.720438004E1,-5.041109375E1
8.731695902E1,-5.116495911E1
8.742196500E1,-5.022459832E1
8.753369498E1,-5.035069127E1
8.763863003E1,-5.107675242E1
8.774989104E1,-5.035967988E1
8.785526001E1,-5.034568530E1
8.796724808E1,-5.101237589E1
8.807195604E1,-4.965818107E1
8.818406498E1,-5.059442134E1
8.828860700E1,-5.116698835E1
8.840078700E1,-5.051352686E1
8.850525904E1,-5.047680701E1
8.861754608E1,-5.112667879E1
8.872109306E1,-5.057626675E1
8.883381999E1,-4.530807173E1
8.893777609E1,-4.197041220E1
8.905041707E1,-4.561242338E1
8.916549301E1,-4.505424000E1
8.926965606E1,-4.904985359E1
8.937570202E1,-4.967725698E1
8.948458302E1,-5.035267950E1
8.958859503E1,-4.668619710E1
8.969234204E1,-4.912954478E1
8.980145705E1,-4.499669617E1
8.990907204E1,-4.853932256E1
9.001829302E1,-4.460542329E1
9.012193000E1,-4.649115903E1
9.022570205E1,-4.899981196E1
9.033511198E1,-4.989625902E1
9.043862903E1,-4.898460861E1
9.054236603E1,-5.015261153E1
9.065185201E1,-4.955716323E1
9.075521100E1,-5.048554350E1
9.085922098E1,-5.012744888E1
9.097189105E1,-5.035840250E1
9.107563305E1,-5.141926068E1
9.118555307E1,-4.277003476E1
9.128859305E1,-4.991847824E1
9.139237607E1,-5.005421346E1
9.150230598E1,-4.899839427E1
9.161362803E1,-4.966612125E1
9.171906304E1,-5.053666888E1
9.183030200E1,-5.028675248E1
9.193585503E1,-4.205891284E1
9.204696298E1,-3.726960399E1
9.215550101E1,-4.859725246E1
9.226036108E1,-4.464223738E1
9.237035704E1,-4.907195211E1
9.248305404E1,-4.930826229E1
9.258620799E1,-5.081137056E1
9.269869506E1,-4.932490583E1
9.280298305E1,-4.978489900E1
9.291335106E1,-5.092003891E1
9.301976204E1,-4.013007743E1
9.313239503E1,-4.330069874E1
9.323646998E1,-4.908404619E1
9.334831905E1,-4.039792527E1
9.346108401E1,-4.943381392E1
9.356997705E1,-5.045295857E1
9.367723405E1,-4.985553863E1
9.378684306E1,-5.092885149E1
9.389923704E1,-5.073441996E1
9.400356007E1,-4.977127698E1
9.410844707E1,-5.054784582E1
9.422028100E1,-5.085765210E1
9.432420599E1,-4.946343152E1
9.443603802E1,-5.028942324E1
9.455177808E1,-5.037810735E1
9.465757799E1,-5.019416012E1
9.477005506E1,-3.883300825E1
9.487418699E1,-4.342926829E1
9.498675907E1,-4.199895860E1
9.510232699E1,-4.007815045E1
9.521854103E1,-4.962856207E1
9.532418406E1,-5.023413110E1
9.543694198E1,-5.049361094E1
9.554644001E1,-4.991171933E1
9.565743899E1,-4.981473000E1
9.576828003E1,-4.988861990E1
9.587418199E1,-4.267426092E1
9.598668098E1,-5.073517774E1
9.610290504E1,-4.717540438E1
9.621924400E1,-4.221967213E1
9.632418203E1,-4.840079477E1
9.643680799E1,-4.990060307E1
9.655275905E1,-5.016032928E1
9.665753698E1,-3.987298828E1
9.677014005E1,-4.939501324E1
9.688641608E1,-5.014015001E1
9.699087405E1,-5.079194184E1
9.710356605E1,-4.332393581E1
9.721994102E1,-4.756854407E1
9.732420301E1,-5.037077036E1
9.743686104E1,-5.059064283E1
9.755333805E1,-3.983170813E1
9.766822100E1,-4.339889946E1
9.777426708E1,-4.143076628E1
9.788680804E1,-5.047802004E1
9.799190104E1,-5.045023055E1
9.810445106E1,-4.394617740E1
9.822023904E1,-4.146827171E1
9.832523501E1,-4.648901744E1
9.843789601E1,-4.992608124E1
9.854893303E1,-4.152523843E1
9.865576708E1,-4.690145861E1
9.876563001E1,-4.914361181E1
9.887256908E1,-4.117194678E1
9.898227298E1,-4.080113825E1
9.908931708E1,-4.244099197E1
9.919893205E1,-4.877073915E1
9.930615103E1,-4.966492874E1
9.941872406E1,-5.009717435E1
9.952284300E1,-3.615163640E1
9.963548303E1,-4.743845418E1
9.973970699E1,-5.006634563E1
9.985225499E1,-4.304940274E1
9.995917702E1,-3.881297744E1
1.000642540E2,-4.752700626E1
1.001731410E2,-4.952747046E1
1.002858111E2,-4.965244460E1
1.003901390E2,-5.071023798E1
1.005028341E2,-5.013206580E1
1.006067570E2,-5.132780823E1
1.007194350E2,-5.116887662E1
1.008235481E2,-5.070921717E1
1.009362100E2,-5.082544498E1
1.010403670E2,-3.946432214E1
1.011531340E2,-4.582382014E1
1.012571421E2,-4.973009159E1
1.013698031E2,-4.325872004E1
1.014745370E2,-4.622175827E1
1.015831920E2,-4.979071481E1
1.016921730E2,-5.061482514E1
1.017965070E2,-4.953184379E1
1.019089180E2,-4.257461728E1
1.020215250E2,-4.882380264E1
1.021255760E2,-4.567289694E1
1.022380810E2,-3.929821477E1
1.023422650E2,-4.121934968E1
1.024548610E2,-4.694009986E1
1.025603391E2,-5.128024458E1
1.026694521E2,-5.089920802E1
1.027744770E2,-4.550412850E1
1.028873731E2,-4.393921314E1
1.029913660E2,-4.893562091E1
1.031039610E2,-5.052728748E1
1.032080710E2,-5.070756374E1
1.033206080E2,-5.039295827E1
1.034248620E2,-5.035838209E1
1.035292411E2,-4.453676305E1
1.036416301E2,-4.851570363E1
1.037459110E2,-4.132624347E1
1.038583200E2,-3.760027105E1
1.039625360E2,-4.116104801E1
1.040751821E2,-4.349769559E1
1.041792750E2,-5.077398931E1
1.042918891E2,-5.054581349E1
1.044027311E2,-5.126033746E1
1.045086271E2,-5.022152553E1
1.046194661E2,-4.428110628E1
1.047254111E2,-4.936022539E1
1.048359751E2,-5.014257916E1
1.049422051E2,-5.039677116E1
1.050548791E2,-4.227383158E1
1.051621491E2,-4.526791923E1
1.052657521E2,-4.948838558E1
1.053758041E2,-4.086817103E1
1.054884970E2,-4.074189754E1
1.055926610E2,-4.071843323E1
1.056971151E2,-4.850325008E1
1.058092871E2,-3.978369394E1
1.059218440E2,-4.396721594E1
1.060260640E2,-3.669087931E1
1.061386610E2,-4.705817784E1
1.062429091E2,-3.770668833E1
1.063555120E2,-4.692438140E1
1.064597050E2,-4.434429879E1
1.065724140E2,-4.562547143E1
1.066763680E2,-5.012627887E1
1.067891130E2,-5.063826993E1
1.068931650E2,-4.088298017E1
1.070056870E2,-4.958321880E1
1.071130351E2,-3.945935483E1
1.072256570E2,-4.026277167E1
1.073418610E2,-4.859175789E1
1.074582000E2,-3.825781797E1
1.075630140E2,-4.944128853E1
1.076733720E2,-4.436926126E1
1.077797481E2,-4.881385617E1
1.078924180E2,-4.932601196E1
1.080092241E2,-4.272977567E1
1.081253810E2,-3.837256257E1
1.082297031E2,-4.732704460E1
1.083424780E2,-3.621329148E1
1.084588341E2,-4.839117863E1
1.085632191E2,-4.639890139E1
1.086682920E2,-4.898746964E1
1.087796230E2,-4.472784121E1
1.088919500E2,-3.861002918E1
1.089962630E2,-4.282185224E1
1.091088151E2,-4.939291437E1
1.092130800E2,-4.355445398E1
1.093248991E2,-4.838752865E1
1.094296820E2,-4.298152983E1
1.095423920E2,-3.800817503E1
1.096463810E2,-4.812872035E1
1.097492501E2,-4.611791103E1
1.098604831E2,-4.853062582E1
1.099669970E2,-5.021998128E1
1.100780760E2,-4.895775457E1
1.101907431E2,-4.139830011E1
1.102963450E2,-4.082692886E1
1.104089180E2,-4.177172503E1
1.105129521E2,-4.028477739E1
1.106256261E2,-4.192938681E1
1.107296860E2,-4.378092594E1
1.108423461E2,-4.937758701E1
1.109463360E2,-5.073508302E1
1.110549710E2,-4.959749634E1
1.111644441E2,-4.869370455E1
1.112690160E2,-4.725951163E1
1.113786471E2,-4.917598438E1
1.114911240E2,-5.021563723E1
1.115955551E2,-5.010310268E1
1.117051281E2,-5.080982283E1
1.118122801E2,-4.394255287E1
1.119229261E2,-4.489790166E1
1.120290431E2,-4.943117886E1
1.121416870E2,-5.117614216E1
1.122458560E2,-5.040358618E1
1.123532320E2,-4.984052576E1
1.124625480E2,-5.023145087E1
1.125750170E2,-4.237531519E1
1.126793320E2,-4.270100053E1
1.127917790E2,-4.514601690E1
1.129018310E2,-4.883109507E1
1.130128831E2,-4.630824982E1
1.131254721E2,-4.381253624E1
1.132297220E2,-4.685666396E1
1.133427590E2,-4.047356547E1
1.134463520E2,-4.124651392E1
1.135589050E2,-4.972955643E1
1.136631620E2,-4.286966036E1
1.137758670E2,-4.291286314E1
1.138799270E2,-4.506757160E1
1.139923741E2,-4.304121460E1
1.140977991E2,-3.923115093E1
1.142102400E2,-3.990945491E1
1.143144931E2,-4.078934888E1
1.144272510E2,-4.274398920E1
1.145302291E2,-3.855381957E1
1.146430991E2,-4.074638132E1
1.147470410E2,-4.954566405E1
1.148595880E2,-5.046295735E1
1.149662560E2,-4.162258868E1
1.150715340E2,-4.988233809E1
1.151805381E2,-4.564858193E1
1.152850111E2,-4.418069734E1
1.153973870E2,-4.668728715E1
1.155098380E2,-4.714422590E1
1.156141760E2,-4.962927709E1
1.157268111E2,-4.973837239E1
1.158309400E2,-5.150843467E1
1.159351541E2,-4.549309511E1
1.160477180E2,-5.030905298E1
1.161602690E2,-5.088847751E1
1.162644401E2,-3.322235152E1
1.163770250E2,-4.131987420E1
1.164812200E2,-4.854705923E1
1.165937561E2,-3.982393999E1
1.166980170E2,-4.987560697E1
1.168014441E2,-4.049618667E1
1.169133561E2,-3.915798855E1
1.170294200E2,-4.031141489E1
1.171380960E2,-4.369658930E1
1.172482610E2,-4.955335250E1
1.173608271E2,-4.138848807E1
1.174649510E2,-4.358909318E1
1.175774630E2,-4.858482677E1
1.176819150E2,-4.976163332E1
1.177951291E2,-4.045682423E1
1.178985140E2,-4.949731893E1
1.180109640E2,-5.034006839E1
1.181152720E2,-4.993378383E1
1.182228991E2,-5.107718938E1
1.183321410E2,-4.534932218E1
1.184450511E2,-4.820279525E1
1.185488031E2,-5.010845917E1
1.186604240E2,-4.925742902E1
1.187683131E2,-4.229658712E1
1.188735740E2,-4.214991957E1
1.189823940E2,-4.107159997E1
1.190950451E2,-4.869748947E1
1.191992910E2,-5.050807642E1
1.193119121E2,-4.944682977E1
1.194159740E2,-4.977604671E1
1.195288560E2,-4.268434210E1
1.196328000E2,-4.883238601E1
1.197454530E2,-4.935591387E1
1.198495120E2,-4.202663114E1
1.199620930E2,-3.743730465E1
1.200663260E2,-4.841202089E1
1.201788881E2,-4.319958944E1
1.202830260E2,-4.225679193E1
1.203954360E2,-4.771043845E1
1.204997990E2,-3.953706413E1
1.206041991E2,-4.304308886E1
1.207165900E2,-4.949712773E1
1.208291520E2,-3.509910683E1
1.209334210E2,-4.541595275E1
1.210460300E2,-5.042010460E1
1.211501430E2,-4.940787427E1
1.212626880E2,-5.036153234E1
1.213699450E2,-4.308956676E1
1.214820050E2,-3.951720627E1
1.215948040E2,-4.833932270E1
1.217004430E2,-4.966588097E1
1.218130541E2,-4.988480236E1
1.219171890E2,-5.007692510E1
1.220298361E2,-4.987003556E1
1.221339500E2,-4.902445818E1
1.222465731E2,-4.162593161E1
1.223507240E2,-4.303066439E1
1.224633460E2,-4.923244910E1
1.225701700E2,-5.081667281E1
1.226819880E2,-5.113295354E1
1.227947720E2,-5.072574738E1
1.229009631E2,-4.998774242E1
1.230133750E2,-4.382500300E1
1.231177840E2,-3.838968284E1
1.232304651E2,-3.519502667E1
1.233345890E2,-3.845044927E1
1.234470850E2,-4.348465435E1
1.235512971E2,-4.322953706E1
1.236639520E2,-4.238241728E1
1.237708141E2,-4.937018537E1
1.238819480E2,-4.394914419E1
1.239923370E2,-4.469086993E1
1.241016361E2,-3.776854148E1
1.242090610E2,-4.662770606E1
1.243183330E2,-4.978438549E1
1.244258831E2,-5.051666708E1
1.245350981E2,-4.019824964E1
1.246423941E2,-4.873408268E1
1.247518821E2,-5.119936641E1
1.248590680E2,-4.019469661E1
1.249711590E2,-4.411347994E1
1.250758960E2,-5.064833893E1
1.251854470E2,-4.206263548E1
1.252923900E2,-4.411865325E1
1.254022621E2,-5.012071915E1
1.255058020E2,-4.961384670E1
1.256184580E2,-3.907303360E1
1.257224751E2,-5.063834965E1
1.258342941E2,-5.036103947E1
1.259430981E2,-5.168331294E1
1.260558110E2,-4.293765585E1
1.261626590E2,-4.813496858E1
1.262693551E2,-4.537911167E1
1.263792220E2,-4.991106300E1
1.264860990E2,-4.125204486E1
1.265959040E2,-4.853130037E1
1.267028590E2,-3.824957902E1
1.268125740E2,-3.429938847E1
1.269196351E2,-4.782407993E1
1.270292461E2,-5.061627238E1
1.271380000E2,-5.037323325E1
1.272450820E2,-5.135094851E1
1.273531910E2,-4.967325887E1
1.274625820E2,-5.101955487E1
1.275729780E2,-3.637354004E1
1.276792810E2,-4.015687727E1
1.277866980E2,-4.086674126E1
1.278959731E2,-5.027026150E1
1.280036030E2,-4.242030016E1
1.281126150E2,-3.970842468E1
1.282203350E2,-4.631201456E1
1.283289380E2,-4.984062094E1
1.284370860E2,-5.012470600E1
1.285460210E2,-5.001483575E1
1.286538321E2,-4.822841543E1
1.287625680E2,-5.029139697E1
1.288705950E2,-4.971463923E1
1.289792970E2,-5.109318117E1
1.290873461E2,-4.983189188E1
1.291959120E2,-4.614103718E1
1.293041260E2,-4.078245789E1
1.294126570E2,-4.830094492E1
1.295210091E2,-4.968530841E1
1.296292291E2,-4.942539218E1
1.297376851E2,-4.997605890E1
1.298459910E2,-4.909914583E1
1.299544491E2,-5.016648417E1
1.300653970E2,-4.973468491E1
1.301739540E2,-4.960478525E1
1.302793070E2,-4.927664288E1
1.303879900E2,-4.785377164E1
1.305006220E2,-3.966409924E1
1.306048751E2,-4.830144933E1
1.307175250E2,-4.935833215E1
1.308216190E2,-4.943437015E1
1.309343010E2,-5.004749260E1
1.310383481E2,-4.283667009E1
1.311438670E2,-4.176223897E1
1.312551321E2,-4.790501525E1
1.313604361E2,-4.265028371E1
1.314718910E2,-5.081254878E1
1.315772240E2,-5.081254878E1
1.316886261E2,-4.955961695E1
1.317928751E2,-4.997435001E1
1.319053921E2,-4.403851053E1
1.320105250E2,-4.621787370E1
1.321221900E2,-4.921543433E1
1.322271891E2,-4.830622065E1
1.323389820E2,-4.153767555E1
1.324438500E2,-3.966944799E1
1.325558081E2,-3.976464908E1
1.326604680E2,-4.124423684E1
1.327751421E2,-4.413851264E1
1.328877110E2,-4.801688752E1
1.330039771E2,-4.505104403E1
1.331105651E2,-4.547488316E1
1.332227330E2,-4.896861461E1
1.333271691E2,-4.275925789E1
1.334395421E2,-4.883511306E1
1.335438380E2,-3.921393738E1
1.336563420E2,-4.707095042E1
1.337605010E2,-4.981618460E1
1.338730600E2,-4.992038131E1
1.339857110E2,-4.632552470E1
1.340897781E2,-4.388457773E1
1.342023621E2,-4.456322725E1
1.343065450E2,-4.432149326E1
1.344192691E2,-3.857284756E1
1.345233270E2,-4.179548751E1
1.346359271E2,-4.083384408E1
1.347401720E2,-4.098774377E1
1.348527870E2,-4.752375485E1
1.349569430E2,-5.039146361E1
1.350696191E2,-4.938388694E1
1.351763331E2,-5.031295846E1
1.352877520E2,-5.011882708E1
1.354009840E2,-4.306567455E1
1.355071950E2,-4.442568257E1
1.356198710E2,-4.253829142E1
1.357239200E2,-5.027531247E1
1.358363950E2,-5.085928283E1
1.359407220E2,-5.024340213E1
1.360534381E2,-3.886691927E1
1.361576071E2,-4.621393417E1
1.362609531E2,-4.114036437E1
1.363735800E2,-4.973244496E1
1.364820421E2,-5.120364836E1
1.365911150E2,-5.073448915E1
1.367038660E2,-5.086628563E1
1.368153260E2,-4.679710755E1
1.369245440E2,-4.348482705E1
1.370319060E2,-5.027421507E1
1.371413411E2,-5.013426008E1
1.372486670E2,-4.984775626E1
1.373581270E2,-4.252309380E1
1.374709001E2,-4.914491610E1
1.375813880E2,-3.875848567E1
1.376915430E2,-4.334943803E1
1.378013980E2,-3.928496271E1
1.379083500E2,-4.798866924E1
1.380209301E2,-4.775989414E1
1.381250670E2,-4.493144126E1
1.382376890E2,-4.991598281E1
1.383418660E2,-4.881866376E1
1.384463800E2,-4.934057980E1
1.385586591E2,-5.029197174E1
1.386714571E2,-3.992606212E1
1.387781880E2,-4.925036736E1
1.388857321E2,-4.208006022E1
1.389922071E2,-4.069511798E1
1.391024520E2,-4.384041033E1
1.392090920E2,-4.834780933E1
1.393190740E2,-4.359996032E1
1.394257550E2,-4.866575016E1
1.395357660E2,-4.954570598E1
1.396425891E2,-4.886242616E1
1.397524600E2,-4.040821952E1
1.398593431E2,-4.088048493E1
1.399691050E2,-3.986041164E1
1.400760851E2,-4.823467548E1
1.401856760E2,-4.339882206E1
1.402928361E2,-3.989073767E1
1.403996351E2,-4.503592584E1
1.405096220E2,-4.977541297E1
1.406162721E2,-4.864631824E1
1.407264800E2,-4.945005510E1
1.408329251E2,-4.518602632E1
1.409431881E2,-3.943482851E1
1.410496111E2,-4.020484094E1
1.411599771E2,-4.955209769E1
1.412662081E2,-4.959442636E1
1.413774481E2,-4.873537535E1
1.414828501E2,-4.940893811E1
1.415935030E2,-4.370034092E1
1.416969800E2,-4.020448857E1
1.418096750E2,-4.969356946E1
1.419135550E2,-5.018436898E1
1.420263001E2,-5.020841543E1
1.421418080E2,-5.045876326E1
1.422470100E2,-4.966587788E1
1.423595760E2,-4.872930483E1
1.424756360E2,-4.974090628E1
1.425921690E2,-4.156192708E1
1.426970130E2,-4.745568368E1
1.428014331E2,-4.351245551E1
1.429136630E2,-3.750408370E1
1.430255381E2,-4.423432289E1
1.431380490E2,-5.011061662E1
1.432469550E2,-4.572072503E1
1.433596261E2,-4.171687561E1
1.434758561E2,-4.871542171E1
1.435807570E2,-5.062409207E1
1.436933470E2,-4.193019541E1
1.438045990E2,-4.940587221E1
1.439135880E2,-4.331265317E1
1.440262320E2,-4.138848357E1
1.441303620E2,-4.812605760E1
1.442431431E2,-5.080995675E1
1.443484011E2,-5.082477225E1
1.444539170E2,-5.086661182E1
1.445636270E2,-4.443116982E1
1.446763470E2,-4.144986101E1
1.447816610E2,-4.636492984E1
1.448866100E2,-4.535289925E1
1.449969910E2,-4.608661766E1
1.451097270E2,-3.908611079E1
1.452142271E2,-4.471107603E1
1.453269781E2,-4.643285485E1
1.454309120E2,-4.998033497E1
1.455436051E2,-5.073627654E1
1.456476361E2,-3.614621254E1
1.457604190E2,-4.014084319E1
1.458642761E2,-4.929062538E1
1.459769751E2,-4.469174473E1
1.460919421E2,-5.065024621E1
1.461977091E2,-5.043679218E1
1.463103091E2,-5.040820568E1
1.464142570E2,-5.006031865E1
1.465268180E2,-4.252974578E1
1.466309190E2,-4.457901409E1
1.467435770E2,-4.377382586E1
1.468475840E2,-3.777845549E1
1.469521470E2,-4.715884107E1
1.470641550E2,-5.031866538E1
1.471715211E2,-4.989525447E1
1.472808180E2,-4.861425527E1
1.473839040E2,-4.861425527E1
1.474964421E2,-4.896293282E1
1.476038420E2,-4.989438108E1
1.477141891E2,-4.902067929E1
1.478261070E2,-5.004949349E1
1.479299650E2,-5.046552544E1
1.480411021E2,-4.251907377E1
1.481466731E2,-4.581488111E1
1.482577150E2,-4.983750633E1
1.483634990E2,-4.984975289E1
1.484743160E2,-4.733190552E1
1.485828661E2,-4.850670153E1
1.486910760E2,-4.887026163E1
1.487970021E2,-4.954187233E1
1.489078400E2,-4.307539446E1
1.490138950E2,-4.476884947E1
1.491244020E2,-4.431012885E1
1.492305710E2,-4.916072597E1
1.493410600E2,-4.932503700E1
1.494473960E2,-4.903101443E1
1.495577540E2,-4.826275077E1
1.496641511E2,-4.083824581E1
1.497744091E2,-4.813656697E1
1.498809700E2,-4.821804859E1
1.499911300E2,-4.908598799E1
1.500976510E2,-3.944702578E1
1.502077551E2,-4.685822902E1
1.503144261E2,-4.389730037E1
1.504244790E2,-4.115744433E1
1.505311780E2,-4.379840939E1
1.506411030E2,-4.696972506E1
1.507479891E2,-4.442365083E1
1.508577371E2,-4.690715160E1
1.509647241E2,-4.965248698E1
1.510744220E2,-4.895777776E1
1.511841730E2,-4.870614842E1
1.512911041E2,-4.792277493E1
1.513983251E2,-4.844808594E1
1.515077770E2,-3.661204377E1
1.516152071E2,-4.001921311E1
1.517244151E2,-4.706988315E1
1.518318751E2,-4.099685809E1
1.519411271E2,-4.731748691E1
1.520487010E2,-4.920121896E1
1.521577240E2,-4.898350023E1
1.522654060E2,-4.811562236E1
1.523743631E2,-3.948174768E1
1.524821410E2,-4.989667368E1
1.525911031E2,-4.906253342E1
1.526989330E2,-4.420432860E1
1.528077750E2,-4.834620143E1
1.529158430E2,-4.938382586E1
1.530223230E2,-4.922662502E1
1.531324360E2,-4.875635792E1
1.532389990E2,-4.912163068E1
1.533492330E2,-4.947314767E1
1.534556201E2,-4.336241808E1
1.535659890E2,-4.859063157E1
1.536788530E2,-5.033104899E1
1.537855431E2,-4.917283190E1
1.538960460E2,-4.846775887E1
1.539995930E2,-4.849443088E1
1.541125031E2,-5.001945678E1
1.542164650E2,-4.181728398E1
1.543249600E2,-3.819396404E1
1.544331670E2,-4.906083507E1
1.545458770E2,-5.030095001E1
1.546500161E2,-4.518040769E1
1.547626780E2,-4.864773846E1
1.548666450E2,-4.137637141E1
1.549793640E2,-4.857220973E1
1.550834430E2,-5.063436672E1
1.551958541E2,-4.931372530E1
1.553002501E2,-5.024164144E1
1.554127030E2,-5.013333423E1
1.555170010E2,-5.054962404E1
1.556292940E2,-4.901398386E1
1.557337410E2,-4.972867334E1
1.558459630E2,-4.884928559E1
1.559505690E2,-4.020527883E1
1.560627050E2,-4.589611972E1
1.561673571E2,-4.025699975E1
1.562789900E2,-4.266246093E1
1.563865430E2,-5.000817233E1
1.564959630E2,-4.976802735E1
1.566008990E2,-4.930616051E1
1.567127011E2,-4.831446694E1
1.568177550E2,-5.004872111E1
1.569292860E2,-4.114618757E1
1.570344270E2,-4.759288359E1
1.571459590E2,-4.944680276E1
1.572512161E2,-5.039708764E1
1.573626860E2,-4.925893740E1
1.574679670E2,-4.144988940E1
1.575793350E2,-4.891006281E1
1.576846740E2,-4.974896375E1
1.577953030E2,-5.065389611E1
1.579015490E2,-4.483196126E1
1.580127560E2,-4.769743182E1
1.581182550E2,-4.989779121E1
1.582293880E2,-5.033518399E1
1.583350151E2,-4.943688896E1
1.584460371E2,-4.636755738E1
1.585517920E2,-4.378496258E1
1.586627641E2,-4.965998161E1
1.587685760E2,-5.016561980E1
1.588794030E2,-4.053430470E1
1.589879960E2,-4.954774480E1
1.590960500E2,-5.011896556E1
1.592021171E2,-4.938364635E1
1.593127331E2,-4.221496420E1
1.594190240E2,-4.232835405E1
1.595292821E2,-4.535633778E1
1.596356751E2,-4.325865143E1
1.597460890E2,-3.854792234E1
1.598524951E2,-4.860991100E1
1.599626930E2,-4.941609831E1
1.600692401E2,-4.871019153E1
1.601793290E2,-3.978094131E1
1.602859701E2,-4.909981306E1
1.603960301E2,-4.908648950E1
1.605027010E2,-5.048243083E1
1.606126721E2,-4.903582017E1
1.607195600E2,-4.975489611E1
1.608293140E2,-4.932590346E1
1.609362891E2,-4.923365698E1
1.610461570E2,-4.983412246E1
1.611530490E2,-4.909845832E1
1.612626671E2,-4.935803729E1
1.613698140E2,-4.965931668E1
1.614823860E2,-4.940602119E1
1.615893151E2,-4.964676897E1
1.617018911E2,-4.945525326E1
1.618183020E2,-4.944736944E1
1.619312260E2,-4.895486958E1
1.620368330E2,-4.903509530E1
1.621472090E2,-4.846674519E1
1.622536141E2,-4.923130567E1
1.623609670E2,-3.906460496E1
1.624704070E2,-4.390994313E1
1.625776221E2,-4.895888186E1
1.626871541E2,-4.896045245E1
1.627943250E2,-5.027598019E1
1.629039071E2,-4.246494492E1
1.630101000E2,-4.852272108E1
1.631207291E2,-5.033036483E1
1.632277150E2,-4.973255131E1
1.633374981E2,-4.979565720E1
1.634443030E2,-5.014682170E1
1.635542670E2,-4.047000996E1
1.636579230E2,-4.893047408E1
1.637684700E2,-5.039415872E1
1.638745221E2,-4.883659127E1
1.639872650E2,-4.953214277E1
1.640913520E2,-4.921836679E1
1.642042150E2,-5.005801983E1
1.643078960E2,-4.612722397E1
1.644205691E2,-4.877177204E1
1.645365191E2,-4.974488619E1
1.646412621E2,-4.916226114E1
1.647497901E2,-4.904458197E1
1.648578581E2,-4.975389197E1
1.649705260E2,-4.276967321E1
1.650864030E2,-4.977936984E1
1.651977850E2,-4.966858375E1
1.653051721E2,-4.369791503E1
1.654131690E2,-4.910166053E1
1.655219580E2,-4.974458044E1
1.656344930E2,-4.917212992E1
1.657449670E2,-4.993370342E1
1.658553981E2,-3.736355882E1
1.659630260E2,-4.833949511E1
1.660722030E2,-4.370874370E1
1.661783121E2,-5.097686708E1
1.662889540E2,-4.873708551E1
1.664014050E2,-4.913647410E1
1.665056940E2,-4.468537102E1
1.666182201E2,-4.402430356E1
1.667225010E2,-4.430139051E1
1.668348460E2,-4.878649680E1
1.669393131E2,-4.935746133E1
1.670515491E2,-5.102867330E1
1.671585721E2,-5.007026504E1
1.672706031E2,-4.213618606E1
1.673753561E2,-4.185340233E1
1.674878100E2,-4.959675693E1
1.675923170E2,-4.985035035E1
1.676974241E2,-4.913023125E1
1.678063570E2,-4.911255521E1
1.679151100E2,-5.041896883E1
1.680232821E2,-4.257925310E1
1.681317431E2,-4.848327460E1
1.682399710E2,-4.899971817E1
1.683484670E2,-4.842503223E1
1.684567190E2,-4.372437236E1
1.685693470E2,-4.868724549E1
1.686734900E2,-4.868724549E1
1.687863390E2,-4.968635369E1
1.688902130E2,-4.881220062E1
1.690029380E2,-4.755924765E1
1.691070421E2,-4.041787616E1
1.692196330E2,-4.782813270E1
1.693237450E2,-4.856540304E1
1.694358261E2,-4.382205719E1
1.695406090E2,-4.681682608E1
1.696533880E2,-4.811689988E1
1.697572720E2,-4.292480291E1
1.698698560E2,-4.369922573E1
1.699741170E2,-4.777924996E1
1.700868640E2,-4.848984177E1
1.701938070E2,-4.218218263E1
1.703050750E2,-4.856870685E1
1.704118741E2,-4.914353989E1
1.705243161E2,-4.606145014E1
1.706369101E2,-3.993898410E1
1.707411170E2,-4.164390301E1
1.708537290E2,-4.659945743E1
1.709630151E2,-4.381471400E1
1.710746560E2,-4.871908591E1
1.711870810E2,-4.557627366E1
1.712915061E2,-4.832727852E1
1.713986360E2,-4.825877208E1
1.715081431E2,-4.549671839E1
1.716153201E2,-4.894782022E1
1.717249731E2,-4.884692238E1
1.718320011E2,-4.115143338E1
1.719418011E2,-4.900450063E1
1.720544391E2,-4.938079896E1
1.721585281E2,-4.838345967E1
1.722700760E2,-4.947021376E1
1.723752990E2,-4.935479640E1
1.724878160E2,-4.973587809E1
1.725948050E2,-4.902545910E1
1.727055371E2,-4.891106973E1
1.728088090E2,-4.465906102E1
1.729216630E2,-4.263377854E1
1.730256740E2,-4.829548523E1
1.731381021E2,-4.372065925E1
1.732424290E2,-4.911768021E1
1.733554831E2,-4.990276369E1
1.734591440E2,-4.976886850E1
1.735718720E2,-4.352846529E1
1.736758690E2,-5.019214286E1
1.737884541E2,-4.973794911E1
1.738931041E2,-4.910579540E1
1.740055370E2,-5.017281843E1
1.741094921E2,-5.000232490E1
1.742220820E2,-4.993273352E1
1.743296551E2,-4.920569626E1
1.744388510E2,-4.900737677E1
1.745503100E2,-4.948606609E1
1.746597390E2,-5.037018138E1
1.747721910E2,-4.965058198E1
1.748825240E2,-4.965277773E1
1.749942191E2,-4.993617634E1
1.750991831E2,-4.419981927E1
1.752100230E2,-4.993080396E1
1.753158810E2,-4.997808885E1
1.754269021E2,-4.976574642E1
1.755324950E2,-5.027584859E1
1.756435601E2,-4.495337245E1
1.757492180E2,-4.675904330E1
1.758603400E2,-4.513527531E1
1.759658540E2,-4.419108899E1
1.760771290E2,-4.415534524E1
1.761825011E2,-4.948913280E1
1.762938961E2,-4.972618360E1
1.764037150E2,-5.003976271E1
1.765125691E2,-4.971816674E1
1.766251661E2,-4.882696307E1
1.767292321E2,-4.557125701E1
1.768420401E2,-4.162849710E1
1.769458981E2,-4.489675497E1
1.770586151E2,-4.913486048E1
1.771626040E2,-4.953587682E1
1.772752841E2,-5.010052554E1
1.773839411E2,-4.929223583E1
1.774958920E2,-4.908341047E1
1.776085330E2,-4.931562487E1
1.777125200E2,-5.006991992E1
1.778241221E2,-4.814976500E1
1.779292730E2,-4.961920632E1
1.780418741E2,-4.156436125E1
1.781459460E2,-4.729906386E1
1.782586250E2,-4.944529074E1
1.783615490E2,-4.884080612E1
1.784662130E2,-4.866642908E1
1.785782760E2,-4.954212424E1
1.786828810E2,-4.460561704E1
1.787975670E2,-4.944344777E1
1.789100410E2,-4.972396357E1
1.790162131E2,-4.879472120E1
1.791286091E2,-4.943261635E1
1.792412751E2,-4.878775099E1
1.793454131E2,-4.841886876E1
1.794540371E2,-4.040111729E1
1.795620871E2,-4.013186137E1
1.796747431E2,-4.870658930E1
1.797788570E2,-4.692761538E1
1.798913600E2,-4.916626249E1
1.799981760E2,-5.023536568E1
1.801022140E2,-4.912590211E1
1.802124640E2,-4.208690167E1
1.803250971E2,-4.985837404E1
1.804292821E2,-5.002902325E1
1.805420251E2,-4.857880088E1
1.806459560E2,-4.976285572E1
1.807494590E2,-4.894846006E1
1.808621670E2,-4.900975607E1
1.809779060E2,-4.972165848E1
1.810835590E2,-4.896017297E1
1.811961170E2,-4.787152565E1
1.813040490E2,-4.242996386E1
1.814130191E2,-4.893521351E1
1.815256960E2,-4.980280580E1
1.816298960E2,-4.960205045E1
1.817425520E2,-4.935377941E1
1.818466520E2,-4.317345361E1
1.819593670E2,-4.939985544E1
1.820633681E2,-4.017133031E1
1.821760241E2,-4.918162714E1
1.822800660E2,-4.600973093E1
1.823927760E2,-4.887145661E1
1.824968830E2,-5.004786902E1
1.826011120E2,-4.961377148E1
1.827136210E2,-4.914238767E1
1.828223211E2,-4.912652589E1
1.829303890E2,-4.928055420E1
1.830430300E2,-5.011226025E1
1.831472540E2,-4.980495964E1
1.832599601E2,-4.783293574E1
1.833639160E2,-4.775479832E1
1.834765561E2,-4.712155871E1
1.835807000E2,-4.690039406E1
1.836931500E2,-4.291530529E1
1.838000901E2,-4.905702329E1
1.839045050E2,-4.938396470E1
1.840143100E2,-4.949690763E1
1.841269860E2,-4.906996027E1
1.842312640E2,-4.179266522E1
1.843406841E2,-4.755472005E1
1.844479520E2,-4.977893633E1
1.845607140E2,-4.875387510E1
1.846646531E2,-4.968317105E1
1.847772020E2,-4.924450563E1
1.848813881E2,-4.933024737E1
1.849938591E2,-4.926261491E1
1.850980990E2,-4.888854263E1
1.852105061E2,-4.981015782E1
1.853150080E2,-4.920490805E1
1.854276800E2,-4.863164584E1
1.855317430E2,-4.967401882E1
1.856418040E2,-4.713157251E1
1.857487370E2,-4.729882475E1
1.858611650E2,-4.948283768E1
1.859652450E2,-4.647332424E1
1.860778221E2,-4.800781033E1
1.861820260E2,-4.891085950E1
1.862945180E2,-4.927619137E1
1.864013550E2,-4.963139605E1
1.865068140E2,-4.973436344E1
1.866155330E2,-4.992614137E1
1.867226321E2,-5.003598175E1
1.868324291E2,-4.541577491E1
1.869362020E2,-4.726803180E1
1.870476791E2,-5.100624551E1
1.871605361E2,-4.947190804E1
1.872658911E2,-4.944951695E1
1.873785510E2,-4.251695836E1
1.874826070E2,-4.960446330E1
1.875867851E2,-4.953977649E1
1.876993741E2,-4.494000124E1
1.878045200E2,-4.389561914E1
1.879161811E2,-5.051548915E1
1.880201421E2,-5.008860889E1
1.881327760E2,-4.304002583E1
1.882378660E2,-4.313466272E1
1.883497140E2,-4.899192379E1
1.884613390E2,-3.648142562E1
1.885665370E2,-4.850079264E1
1.886779231E2,-4.955082194E1
1.887832581E2,-5.063867111E1
1.888945880E2,-4.948793637E1
1.890025480E2,-3.959292011E1
1.891069020E2,-4.867485300E1
1.892180730E2,-5.068686831E1
1.893248920E2,-4.332621338E1
1.894347880E2,-4.587758854E1
1.895475960E2,-4.246110069E1
1.896605680E2,-4.585966179E1
1.897672220E2,-4.783180878E1
1.898797821E2,-4.302243828E1
1.899838741E2,-5.012563608E1
1.900932350E2,-5.041384877E1
1.902032950E2,-4.946723889E1
1.903067740E2,-4.881337209E1
1.904174141E2,-3.872230362E1
1.905301590E2,-4.385893657E1
1.906343870E2,-4.990926980E1
1.907407451E2,-5.036330716E1
1.908510240E2,-4.967723921E1
1.909629390E2,-4.018747543E1
1.910679610E2,-4.631839841E1
1.911748950E2,-4.677459903E1
1.912845870E2,-4.701064425E1
1.913911670E2,-4.894194784E1
1.915013120E2,-5.064266660E1
1.916079921E2,-4.504766742E1
1.917181261E2,-4.721852120E1
1.918248110E2,-5.037316315E1
1.919348661E2,-4.947083658E1
1.920414671E2,-4.487125358E1
1.921516150E2,-4.674422951E1
1.922581431E2,-4.959621592E1
1.923683820E2,-4.968255864E1
1.924743401E2,-4.924517682E1
1.925852550E2,-4.994870827E1
1.926915001E2,-5.049831916E1
1.928047321E2,-4.152647130E1
1.929126210E2,-4.891752456E1
1.930248780E2,-5.056482158E1
1.931354051E2,-4.882160435E1
1.932414970E2,-5.005044643E1
1.933521481E2,-4.932484518E1
1.934581840E2,-4.938193207E1
1.935689610E2,-4.925602417E1
1.936748130E2,-4.327900085E1
1.937857131E2,-4.782657404E1
1.938914740E2,-4.968929009E1
1.940051030E2,-4.144583741E1
1.941082040E2,-4.170686174E1
1.942193221E2,-4.444083761E1
1.943248861E2,-4.780871167E1
1.944361601E2,-4.692468984E1
1.945416391E2,-4.759033583E1
1.946529111E2,-4.843855200E1
1.947582270E2,-4.571389941E1
1.948696611E2,-4.582289563E1
1.949748820E2,-4.675831799E1
1.950864021E2,-4.988379887E1
1.951915630E2,-4.048934353E1
1.953031371E2,-4.322006975E1
1.954082451E2,-4.622669402E1
1.955199701E2,-4.759776140E1
1.956251260E2,-4.849770490E1
1.957366760E2,-3.981214620E1
1.958415400E2,-3.960852901E1
1.959534720E2,-4.488224118E1
1.960582321E2,-4.936698041E1
1.961702180E2,-3.931362174E1
1.962748921E2,-4.618624089E1
1.963870350E2,-4.927805799E1
1.964915440E2,-4.927187260E1
1.966048690E2,-4.951004073E1
1.967082790E2,-4.975013721E1
1.968205501E2,-4.919053260E1
1.969248841E2,-4.161427753E1
1.970374761E2,-4.447174364E1
1.971415170E2,-4.738890731E1
1.972535840E2,-4.949080684E1
1.973582070E2,-4.915305688E1
1.974708871E2,-4.342161103E1
1.975749071E2,-4.749583448E1
1.976875620E2,-4.419385890E1
1.977915361E2,-4.828557733E1
1.979039470E2,-4.485573726E1
1.980082151E2,-4.954697806E1
1.981209351E2,-4.901889752E1
1.982249020E2,-4.917538299E1
1.983374881E2,-4.823887217E1
1.984414930E2,-4.950562054E1
1.985541130E2,-4.974597297E1
1.986700120E2,-4.351348755E1
1.987747641E2,-4.639237347E1
1.988866971E2,-4.946025075E1
1.989914690E2,-4.393008173E1
1.991041321E2,-4.586244200E1
1.992202060E2,-4.849763812E1
1.993248960E2,-4.917991225E1
1.994368030E2,-4.864124970E1
1.995415421E2,-4.825227946E1
1.996541851E2,-4.875242171E1
1.997706231E2,-4.906237781E1
1.998749400E2,-4.947856348E1
1.999874071E2,-4.859616638E1
2.000914700E2,-4.834929532E1
2.002040040E2,-4.431891095E1
2.003117170E2,-4.800168937E1
2.004223400E2,-4.859839803E1
2.005351081E2,-4.969053862E1
2.006414740E2,-4.861988913E1
2.007539910E2,-4.835740080E1
2.008581450E2,-4.303527293E1
2.009630340E2,-4.620376971E1
2.010748750E2,-4.912775195E1
2.011872270E2,-4.924443221E1
2.012915181E2,-4.850859421E1
2.013996741E2,-4.897452313E1
2.015081260E2,-4.478890852E1
2.016130221E2,-4.572460938E1
2.017249840E2,-4.882720104E1
2.018374690E2,-4.888114520E1
2.019414670E2,-4.938729971E1
2.020532941E2,-5.000429020E1
2.021581980E2,-4.894216023E1
2.022706231E2,-4.902883980E1
2.023749011E2,-4.927184543E1
2.024875870E2,-4.918395463E1
2.025915400E2,-4.907442247E1
2.027041141E2,-4.882052231E1
2.028098590E2,-4.871760866E1
2.029134650E2,-4.996452493E1
2.030249020E2,-4.590590862E1
2.031377290E2,-4.509975559E1
2.032416190E2,-4.829363251E1
2.033543080E2,-4.869623821E1
2.034582551E2,-4.222323491E1
2.035709131E2,-4.926519818E1
2.036739620E2,-4.834444729E1
2.037788380E2,-4.928560824E1
2.038906530E2,-4.915884985E1
2.040022790E2,-4.961524396E1
2.041075250E2,-5.017476543E1
2.042102931E2,-4.970106682E1
2.043228620E2,-4.950559039E1
2.044319110E2,-4.893556353E1
2.045410501E2,-4.889375424E1
2.046536671E2,-4.945512114E1
2.047577851E2,-4.592563124E1
2.048704411E2,-4.903463056E1
2.049745381E2,-4.991234645E1
2.050870540E2,-4.899322449E1
2.051914121E2,-5.008098554E1
2.053038450E2,-4.866621544E1
2.054106270E2,-4.910098163E1
2.055151221E2,-4.993974765E1
2.056249291E2,-5.059598841E1
2.057377200E2,-4.922532141E1
2.058418120E2,-5.011308811E1
2.059544790E2,-4.951585639E1
2.060584821E2,-4.611134555E1
2.061712130E2,-4.935100717E1
2.062752130E2,-4.877871910E1
2.063878050E2,-4.241724365E1
2.064919770E2,-4.326693242E1
2.066044871E2,-4.752099531E1
2.067087650E2,-4.905210805E1
2.068215250E2,-4.899700458E1
2.069255691E2,-4.898348394E1
2.070381930E2,-4.984528279E1
2.071422551E2,-4.905084283E1
2.072548751E2,-4.887028043E1
2.073590610E2,-4.972000040E1
2.074716190E2,-4.923479299E1
2.075758450E2,-4.910517723E1
2.076882570E2,-4.937164247E1
2.077925761E2,-4.860837879E1
2.079049641E2,-4.910297348E1
2.080119951E2,-4.836514852E1
2.081172050E2,-4.906923456E1
2.082261500E2,-4.891445942E1
2.083389020E2,-4.952977582E1
2.084430370E2,-4.807957280E1
2.085556561E2,-4.918282150E1
2.086597090E2,-4.843670999E1
2.087722230E2,-4.858025594E1
2.088764911E2,-4.831205554E1
2.089890530E2,-4.293957929E1
2.090932560E2,-4.845632403E1
2.092059051E2,-4.833774804E1
2.093100860E2,-4.186066904E1
2.094226500E2,-4.897167932E1
2.095267761E2,-4.912898295E1
2.096393521E2,-4.569138832E1
2.097436110E2,-4.301457602E1
2.098561851E2,-4.292407160E1
2.099604220E2,-4.312910503E1
2.100731320E2,-4.323129111E1
2.101770910E2,-5.954268023E1
2.102882800E2,-5.983934215E1
2.103939010E2,-6.141092382E1
2.105049410E2,-6.133003651E1
2.106133001E2,-4.633562577E1
2.107216051E2,-4.314258609E1
2.108274100E2,-4.295424948E1
2.109382840E2,-4.304300340E1
2.110443470E2,-4.073030147E1
2.111549671E2,-4.438376389E1
2.112610650E2,-4.174467586E1
2.113716201E2,-5.433034887E1
2.114777831E2,-6.038873044E1
2.115882900E2,-4.621155827E1
2.116945050E2,-4.263161934E1
2.118048741E2,-4.242751381E1
2.119114640E2,-4.164470286E1
2.120216050E2,-4.253489553E1
2.121280410E2,-4.455610495E1
2.122382461E2,-6.048575399E1
2.123449030E2,-6.092034329E1
2.124549550E2,-5.920954117E1
2.125615920E2,-6.055651789E1
2.126732601E2,-4.320824798E1
2.127783530E2,-4.286214994E1
2.128882830E2,-4.299869685E1
2.129952121E2,-4.308836539E1
2.131078640E2,-4.480677503E1
2.132146361E2,-5.847689208E1
2.133271950E2,-5.929294644E1
2.134310701E2,-5.894722105E1
2.135439271E2,-6.049059373E1
2.136477970E2,-4.665300230E1
2.137604741E2,-4.283159477E1
2.138644520E2,-4.306896535E1
2.139717281E2,-4.202146764E1
2.140810230E2,-4.348012991E1
2.141934501E2,-5.656874955E1
2.142976941E2,-6.233979794E1
2.144017460E2,-6.290403833E1
2.145125910E2,-5.911641022E1
2.146250920E2,-5.556052974E1
2.147311001E2,-6.240917429E1
2.148438430E2,-6.365401350E1
2.149527401E2,-6.111137292E1
2.150644411E2,-6.084568530E1
2.151772040E2,-6.167295439E1
2.152809850E2,-6.092512819E1
2.153838650E2,-6.153845119E1
2.154963660E2,-5.920644094E1
2.156054311E2,-5.837594754E1
2.157140751E2,-6.045391951E1
2.158268211E2,-5.184349386E1
2.159311160E2,-5.797083165E1
2.160437311E2,-5.895169289E1
2.161478280E2,-5.821668402E1
2.162602720E2,-6.132272858E1
2.163634471E2,-4.517632352E1
2.164761261E2,-5.817278181E1
2.165803280E2,-6.018669640E1
2.166927761E2,-6.091540666E1
2.167969980E2,-6.087745428E1
2.169088510E2,-6.118829210E1
2.170170131E2,-6.133091082E1
2.171215200E2,-5.776948689E1
2.172306620E2,-6.082415989E1
2.173433790E2,-5.979233187E1
2.174474040E2,-5.795026833E1
2.175587161E2,-6.035625109E1
2.176694170E2,-6.087226134E1